{"epoch": 10, "train_loss": 0.17774344980716705, "raw_loss": 0.12483810633420944, "wd_0": 0.01, "sqr_mom_0": 0.99, "lr_0": 2.877239379302926e-08, "mom_0": 0.949999561375924, "eps_0": 1e-05, "wd_1": 0.01, "sqr_mom_1": 0.99, "lr_1": 2.877239379302926e-08, "mom_1": 0.949999561375924, "eps_1": 1e-05, "wd_2": 0.01, "sqr_mom_2": 0.99, "lr_2": 2.877239379302926e-08, "mom_2": 0.949999561375924, "eps_2": 1e-05, "_timestamp": 1691389669.5854006, "train_samples_per_sec": 49.08493230876562, "_runtime": 402.50145649909973, "_step": 1000, "valid_loss": 0.22273297607898712, "miou": 0.3794084577395318, "background_iou": 0.9228569681295014, "road_iou": 0.8454434616638302, "traffic_light_iou": 0.11693753174200101, "traffic_sign_iou": 0.0005387568186409859, "person_iou": 0.0, "vehicle_iou": 0.7700824858227492, "bicycle_iou": 0.0, "pred_table": {"_type": "table-file", "sha256": "c39711f0c17a2db521a13a71732e5a7121de8433f6ddbd6083145d2707e149aa", "size": 9448, "artifact_path": "wandb-client-artifact://gyn9mu8quacrydfpdqewlecysgdqw9rplub7txp731w6ffxuzcrikjbvvx0k5ye8fl2he4yjbsel0hybwpjqehboq4rzx7540uxstpsamm3ojyvjyb3p9y8ixthsxitq:latest/pred_table.table.json", "_latest_artifact_path": "wandb-client-artifact://gyn9mu8quacrydfpdqewlecysgdqw9rplub7txp731w6ffxuzcrikjbvvx0k5ye8fl2he4yjbsel0hybwpjqehboq4rzx7540uxstpsamm3ojyvjyb3p9y8ixthsxitq:latest/pred_table.table.json", "path": "media/table/pred_table_1000_c39711f0c17a2db521a1.table.json", "ncols": 8, "nrows": 100}, "final_loss": 0.22273297607898712, "final_miou": 0.3794084577395318, "final_background_iou": 0.9228569681295014, "final_road_iou": 0.8454434616638302, "final_traffic_light_iou": 0.11693753174200101, "final_traffic_sign_iou": 0.0005387568186409859, "final_person_iou": 0.0, "final_vehicle_iou": 0.7700824858227492, "final_bicycle_iou": 0.0, "_wandb": {"runtime": 306}}